Javascript Files,Sites,Repetitions
https://www.google-analytics.com/analytics.js,"{'https://indiatimes.com', 'https://wired.com', 'https://united.com', 'https://duolingo.com', 'http://chicagotribune.com', 'https://yourdailysportfix.com', 'https://swagbucks.com', 'https://manyvids.com', 'https://techradar.com', 'https://scribd.com', 'https://jotform.com', 'https://yoursportspot.com', 'https://carsforsale.com', 'https://typeform.com', 'https://zazzle.com', 'https://nbastreams.xyz', 'https://edmunds.com'}",17
https://www.googletagmanager.com/gtag/js?id=UA-133177581-1,{'https://nbastreams.xyz'},1
/jquery.min.js,{'https://nbastreams.xyz'},1
/bootstrap.min.js,{'https://nbastreams.xyz'},1
//freehostedscripts.net/ocounter.php?site=5615496&e1=Online User&e2=Online Users&r=&wh=1600 x 900&a=1&pn=http://nbastreams.xyz/games/,{'https://nbastreams.xyz'},1
https://coxcommunications.mpeasylink.com/mpel/mpel_welcome.js,{'http://cox.net'},1
https://www.googletagservices.com/activeview/js/current/osd.js?cb=%2Fr20100101,"{'https://indiatimes.com', 'https://wired.com', 'http://chicagotribune.com', 'https://techradar.com', 'http://cox.net', 'https://yoursportspot.com', 'https://carsforsale.com'}",7
https://coxcommunications.mpeasylink.com/mpel/mpel?href=https%3A%2F%2Fwww.cox.com%2Fresidential%2Fmyconnection%2Fhome.html&ref=&lang=&country=undefined&curr=undefined&region=undefined&osl=en-US,{'http://cox.net'},1
//tags.tiqcdn.com/utag/cox/main/prod/utag.js,{'http://cox.net'},1
//webcdn4.cox.com/etc/clientlibs/cox/flex2.min.aa89e1d580413e59eab51bce0c919a23.js,{'http://cox.net'},1
//webcdn.cox.com/content/dam/cox/apps/common/scripts/prod/adobestack.js,{'http://cox.net'},1
//webcdn2.cox.com/ui/presentation/tsw/js/presentation.js.jgz,{'http://cox.net'},1
https://securepubads.g.doubleclick.net/gpt/pubads_impl_2020083101.js?21067355,{'http://cox.net'},1
//tags.tiqcdn.com/utag/cox/main/prod/utag.554.js?utv=ut4.46.202009020430,{'http://cox.net'},1
//tags.tiqcdn.com/utag/tiqapp/utag.v.js?a=cox/main/202009062047&cb=1599440522643,{'http://cox.net'},1
https://adservice.google.com.pr/adsid/integrator.js?domain=www.cox.com,{'http://cox.net'},1
https://adservice.google.com/adsid/integrator.js?domain=www.cox.com,{'http://cox.net'},1
https://webcdn2.cox.com/content/dam/cox/common/externaljs/residential/menu-cox.js,{'http://cox.net'},1
https://www.googletagservices.com/tag/js/gpt.js,{'http://cox.net'},1
//coxcommunications.mpeasylink.com/mpel/mpel.js,{'http://cox.net'},1
//webcdn2.cox.com/ui/aem7/tsw/js/loader.js.jgz,{'http://cox.net'},1
//webcdn2.cox.com/ui/aem7/tsw/js/cox-lib.js.jgz,{'http://cox.net'},1
//webcdn2.cox.com/ui/aem7/tsw/js/aemapp.js.jgz,{'http://cox.net'},1
https://pix.revjet.com/track/pd1409?__noscript=false&__cbf=revjet.callbacks.cb1599440540290&location=https%3A%2F%2Fwww.nerdwallet.com%2F&referrer=&User_Id=c55d2b7b-7377-4bf6-cbda-a5dfd893afcd&pageview_id=945a6035-90af-4a0c-ac72-b761914fe502&nw_referrer=https%3A%2F%2Fwww.nerdwallet.com%2F&nw_clickevent=undefined&nw_taxonomy=,{'https://nerdwallet.com'},1
https://ads.revjet.com/analytics?acu=3274,{'https://nerdwallet.com'},1
//tgtag.io/tg.js,{'https://nerdwallet.com'},1
//www.googleadservices.com/pagead/conversion_async.js,"{'https://scribd.com', 'https://nerdwallet.com', 'https://stockx.com/', 'https://zazzle.com', 'https://edmunds.com'}",5
https://www.googletagmanager.com/gtm.js?id=GTM-NVWSKF5,{'https://nerdwallet.com'},1
https://cdn.amplitude.com/libs/amplitude-4.1.1-min.gz.js,{'https://nerdwallet.com'},1
//www.google-analytics.com/analytics.js,"{'https://stockx.com/', 'https://manyvids.com', 'https://nerdwallet.com'}",3
https://www.nerdwallet.com/cdn/apps/prod/global-markup/global-nav/ui/build/production/nav.f619db764a4c70fc8849.js,{'https://nerdwallet.com'},1
https://www.googleadservices.com/pagead/conversion/957893550/?random=1599440540117&cv=9&fst=1599440540117&num=1&value=0&label=RVTxCPzMg9MBEK6X4cgD&guid=ON&resp=GooglemKTybQhCsO&u_h=900&u_w=1600&u_ah=860&u_aw=1600&u_cd=24&u_his=4&u_tz=-240&u_java=false&u_nplug=3&u_nmime=4&gtm=2wg8q1&sendb=1&ig=1&frm=0&url=https%3A%2F%2Fwww.nerdwallet.com%2F&tiba=NerdWallet%3A%20Make%20all%20the%20right%20money%20moves&hn=www.googleadservices.com&bttype=purchase&async=1&rfmt=3&fmt=4,{'https://nerdwallet.com'},1
https://ajax.googleapis.com/ajax/libs/jquery/1.12.4/jquery.min.js,"{'https://nerdwallet.com', 'https://wired.com'}",2
https://www.nerdwallet.com/cdn/apps/prod/global-markup/nwa/build/production/nwa.d7ab0c667d91118e43dd.js,{'https://nerdwallet.com'},1
https://www.nerdwallet.com/cdn/apps/prod/front-page/build/js/app.bad1d4dccd3495be59b3.js,{'https://nerdwallet.com'},1
https://www.nerdwallet.com/cdn/apps/prod/global-markup/nw-auth-dialog/production/nw-auth-dialog.c956df8451b4ee6a58b1.js,{'https://nerdwallet.com'},1
https://apis.google.com/js/platform.js,"{'https://nerdwallet.com', 'https://swagbucks.com'}",2
https://maps.googleapis.com/maps/api/js?libraries=places&key=AIzaSyBz-5AV-kNx9OMDQqoL7OQPyHU_eWoiFv0,{'https://nerdwallet.com'},1
https://ssl.kaptcha.com/collect/sdk?m=171456&s=4b2e851ad7fb45ccaebb8e58b40e7872,{'https://nerdwallet.com'},1
https://analytics.tiktok.com/i18n/pixel/sdk.js?sdkid=BRPQ3G8I9JJBU29G7JEG,{'https://wired.com'},1
https://s.pinimg.com/ct/core.js,"{'https://wired.com', 'https://zazzle.com'}",2
https://sc-static.net/scevent.min.js,"{'https://stockx.com/', 'https://wired.com'}",2
//www.medtargetsystem.com/javascript/beacon.js?v2.5.12,{'https://wired.com'},1
https://snap.licdn.com/li.lms-analytics/insight.min.js,{'https://wired.com'},1
https://connect.facebook.net/signals/config/228464857488266?v=2.9.24&r=stable,{'https://wired.com'},1
https://connect.facebook.net/en_US/fbevents.js,"{'https://wired.com', 'https://duolingo.com', 'https://yourdailysportfix.com', 'https://mapquest.com', 'https://scribd.com', 'https://yoursportspot.com', 'https://carsforsale.com', 'https://stockx.com/', 'https://zazzle.com', 'https://swagbucks.com', 'https://jotform.com'}",11
https://static.ads-twitter.com/uwt.js,{'https://wired.com'},1
https://secure.quantserve.com/quant.js,"{'https://yoursportspot.com', 'https://wired.com', 'https://yourdailysportfix.com'}",3
https://static.criteo.net/js/ld/publishertag.prebid.js,{'https://wired.com'},1
https://www.gstatic.com/recaptcha/releases/NjbyeWjjFy97MXGZ40KrXu3v/recaptcha__en.js,"{'https://mapquest.com', 'https://manyvids.com', 'https://wired.com', 'https://pinimg.com'}",4
https://www.google-analytics.com/plugins/ua/linkid.js,"{'https://indiatimes.com', 'https://wired.com', 'https://jotform.com'}",3
https://polarcdn-terrax.com/nativeads/script/condenastcorporate/wired-hosted-content.js,{'https://wired.com'},1
https://sb.scorecardresearch.com/beacon.js,"{'https://indiatimes.com', 'https://wired.com', 'https://mapquest.com', 'https://techradar.com', 'https://swagbucks.com'}",5
https://pixel.condenastdigital.com/sparrow.min.js,{'https://wired.com'},1
https://plugin.mediavoice.com/plugin.js,{'https://wired.com'},1
https://pixel.condenastdigital.com/config/v2/production/wired.config.js,{'https://wired.com'},1
https://www.googletagmanager.com/gtm.js?id=GTM-5HBJC2K,{'https://wired.com'},1
https://cdn.cookielaw.org/scripttemplates/otSDKStub.js,"{'https://wired.com', 'http://chicagotribune.com'}",2
https://securepubads.g.doubleclick.net/tag/js/gpt.js,"{'https://indiatimes.com', 'https://wired.com', 'https://yourdailysportfix.com', 'http://chicagotribune.com', 'https://yoursportspot.com', 'https://zazzle.com'}",6
https://z.moatads.com/condenastprebidheader987326845656/moatheader.js,{'https://wired.com'},1
https://c.amazon-adsystem.com/aax2/apstag.js,{'https://wired.com'},1
/hotzones/esi/wired/prebid.min.js,{'https://wired.com'},1
https://js-sec.indexww.com/ht/p/183973-93942139695505.js,{'https://wired.com'},1
https://player.cnevids.com/interlude/wired.js,{'https://wired.com'},1
https://securepubads.g.doubleclick.net/gpt/pubads_impl_2020082701.js,"{'https://indiatimes.com', 'https://wired.com', 'https://yourdailysportfix.com', 'http://chicagotribune.com', 'https://techradar.com', 'https://zazzle.com', 'https://edmunds.com'}",7
/js/916003a93228dd9abf82.homepage.js,{'https://wired.com'},1
https://assets.adobedtm.com/6372cf21ef88ee60bc2977a4898dcb5c7945a212/s-code-contents-4db97ef176d632a0c5cd3a7d6c33be3c1957ff0c.js,{'https://wired.com'},1
https://geolocation.onetrust.com/cookieconsentpub/v1/geo/location,"{'https://wired.com', 'http://chicagotribune.com'}",2
https://adservice.google.com.pr/adsid/integrator.js?domain=www.wired.com,{'https://wired.com'},1
https://adservice.google.com/adsid/integrator.js?domain=www.wired.com,{'https://wired.com'},1
https://cdn.cookielaw.org/scripttemplates/6.5.0/otBannerSdk.js,{'https://wired.com'},1
//tag.bounceexchange.com/2825/i.js,{'https://wired.com'},1
"https://d.turn.com/r/dd/id/L21rdC84MTYvY2lkLzI4NTk1MjExL3QvMA/kv/PageName=undefined,SiteID=Wired,CampaignID=1802C,Channel=website,CreativeID=ed1c621f-b0f3-46d0-959b-0faf97bda1c1,Placement=undefined",{'https://wired.com'},1
https://cdn.memo.co/js/memo.js,{'https://wired.com'},1
https://static.hotjar.com/c/hotjar-1537182.js?sv=6,{'https://wired.com'},1
/js/35ba8424c09da52a1b5b.app-shell.js,{'https://wired.com'},1
https://assets.adobedtm.com/6372cf21ef88ee60bc2977a4898dcb5c7945a212/satelliteLib-5e0259aff0b35c55ae1387e43a61e5902ea0cdb6.js,{'https://wired.com'},1
https://d1z2jf7jlzjs58.cloudfront.net/p.js,{'https://wired.com'},1
https://news.google.com/swg/js/v1/swg.js,{'https://wired.com'},1
/hotzones/src/pixelpropagate.js?cb=10151,{'https://wired.com'},1
/user-context?referrer=&verso=false&location=https%3A%2F%2Fwww.wired.com%2F,{'https://wired.com'},1
https://cdn.mediavoice.com/nativeads/script/condenastcorporate/conde-asa-polar-master.js,{'https://wired.com'},1
https://mb.moatads.com/yi.js?ud=0&qn=%604%7BZEYwoqI%24%5BK%2BdLLU)%2CMm~tM!90vv9L%24%2FoDb%2Fz(lKm3GFlNUU%2Cu%5Bh_GcS%25%5BHvLU%5B4(K%2B%7BgeFWl_%3DNqUXR%3A%3D%2BAxMn%3Ch%2CyenA8p%2FHm%24%60%233P(ry5*ZRocMp1tq%5BN%7Bq%60RP%3CG.ceFW%7CoG%22mxT%3Bwv%40V374BKm55%3D%261fp%5BoU5tWh%3A(%3Ce%24%26Pzd.jrHSe31k5X%5BG%5E%5B)%2C2iVSX%3C_Y%7B!7IQ3HbmUZzCFm%5Du!x2l.uBlTVU%2F.%3Dh%3Ft%40yUtKC&th=2469185324&tf=nMzjG---CSa7H-XSSptC-j7VIQD-xFQTS-nMzjG-&vi=111111&qp=10000&is=BBBBB2BBEY4vGl2BBCkqtUTBBRmsqbKW8BsrBu0rCFE48CRBeeBS2hWTMBBQeQBBn2soYggyUig0CBlWZ0uBBCCCCCCOgRBBiOfnE6Skg7Oxib8MxOtJYHCBdm5kBhIcC9Y8oBXckXBR76iUUsJBCBBBBBBBBBWBSqj3BBBZeGV2BBBCMciUBBBjgEBBBBBB94UMgTdJMtEcpMBBBQBBBniOccBBBBBB41kNwxBbBBBBBBBBBhcjG6BBJMhLeBk8BwCBQmIoRBBCzBz1BBCTCyBBrbjBC4ehueB57NG9aJeRzBqEKiuwBBBB&iv=8&qt=0&gz=1&hh=0&hn=0&tw=null&qc=560&qd=8&qf=1034&qe=708&qh=1050&qg=840&qm=240&qa=1600&qb=900&qi=1600&qj=860&to=00&po=1-0020002000002120&vy=ot%24b%5Bh%40%22oDgO%3DLlE6%3AvyqIY79%22bR9%2F%24bEBE)8%25s18b(N6OiFNm%7DcGDR35*9L%7Bw.Iz%5Dwi%2CB2O%248PNycp1F%2C3TVGX%5E8Y.N%2CzKydjXB3UN%5EMkP&qr=0&url=https%3A%2F%2Fwww.wired.com%2F&confidence=2&pcode=condenastprebidheader987326845656&callback=MoatNadoAllJsonpRequest_52593802,{'https://wired.com'},1
https://www.google.com/recaptcha/api.js,{'https://wired.com'},1
https://z-na.associates-amazon.com/onetag/v2?MarketPlace=US&instanceId=11cb70e4-21b3-453f-834c-1463094700df,{'https://wired.com'},1
https://ak.sail-horizon.com/spm/spm.v1.min.js,{'https://wired.com'},1
https://a.ad.gt/api/v1/u/matches/57,{'https://wired.com'},1
https://ps.eyeota.net/pixel?pid=1q6m4ou&t=ajs&sid=futurenet&fepPrimaryCompany=&fepPrimaryProduct=&fepSecondaryProducts=&kw=,{'https://techradar.com'},1
https://ml314.com/tag.aspx?68,{'https://techradar.com'},1
https://p.cpx.to/p/11214/px.js,{'https://techradar.com'},1
https://offer.slgnt.eu/b68303d4d9314a579fba4f2471e52d26/f450220a9f2946.js?v=0c6e8d50c5b7c641ede3baedb286285c,{'https://techradar.com'},1
//vanilla.futurecdn.net/techradar/203329/media/shared/js/app.js,{'https://techradar.com'},1
//www.googletagmanager.com/gtm.js?id=GTM-KHCPGDF,{'https://techradar.com'},1
//www.googletagmanager.com/gtm.js?id=GTM-KFKJ7S,{'https://techradar.com'},1
https://targetemsecure.blob.core.windows.net/138526d1-8ff9-4de4-b84a-3a11ec020ede/138526d18ff94de4b84a3a11ec020ede_1.js,{'https://techradar.com'},1
"https://ads.servebom.com/purchs2stag.js?v=s2s&r=8214&o={""f"":1,""p"":"""",""l"":""https%3A%2F%2Fwww.techradar.com%2F"",""tt"":""TechRadar%20%7C%20The%20source%20for%20tech%20buying%20advice"",""fs"":1,""a"":[{""s"":""10518929/tech_techradar/home"",""z"":[[15,3]],""d"":""bigtop"",""g"":{}},{""s"":""10518929/tech_techradar/home"",""z"":[[728,90],[728,91],[970,90],[970,91],[970,250],[970,251]],""d"":""lightbox1"",""g"":{}},{""s"":""10518929/tech_techradar/home"",""z"":[[5,5]],""d"":""sponsored1"",""g"":{}},{""s"":""10518929/tech_techradar/home"",""z"":[[5,5]],""d"":""sponsored2"",""g"":{}},{""s"":""10518929/tech_techradar/home"",""z"":[[5,5]],""d"":""sponsored3"",""g"":{}},{""s"":""10518929/tech_techradar/home"",""z"":[[1,1]],""d"":""overlay"",""g"":{}},{""s"":""10518929/tech_techradar/home"",""z"":[[1,1]],""d"":""skin"",""g"":{}}],""t"":""2020-09-06 21:04:02"",""tz"":240,""r"":""1017x708"",""pam"":""allowed"",""gdpr_consent"":null}&fmt=jsonp&uuid=baa154ceaa2b489283cd57a340760c7f",{'https://techradar.com'},1
//vanilla.futurecdn.net/techradar/203329/media/js/main.min.js,{'https://techradar.com'},1
https://quantcast.mgr.consensu.org/tcfv2/cmp2.js,{'https://techradar.com'},1
https://quantcast.mgr.consensu.org/choice/uer8ZPXHG8WDU/www.techradar.com/choice.js?timestamp=1599440636237,{'https://techradar.com'},1
https://widgets.hawk-assets.co.uk/js/w/responsive.js,{'https://techradar.com'},1
https://bordeaux.futurecdn.net/bordeaux.js,{'https://techradar.com'},1
https://cdn.onesignal.com/sdks/OneSignalSDK.js,{'https://techradar.com'},1
https://cdn.onesignal.com/sdks/OneSignalPageSDKES6.js?v=151103,{'https://techradar.com'},1
https://bordeaux.futurecdn.net/desktop-impact-layout-responsive.caaa058b694f9ed64e9e.js,{'https://techradar.com'},1
https://bordeaux.futurecdn.net/impact-lazyload-format-responsive.caaa058b694f9ed64e9e.js,{'https://techradar.com'},1
https://vanilla.futurecdn.net/techradar/203329/media/shared/js/atechradar-gb.js,{'https://techradar.com'},1
https://vanilla.futurecdn.net/techradar/203329/media/shared/js/btechradar-gb.js,{'https://techradar.com'},1
https://widgets.hawk-assets.co.uk/js/w/f24b21dd42545eef2ba8/hawk.js,{'https://techradar.com'},1
https://adservice.google.com.pr/adsid/integrator.js?domain=www.techradar.com,{'https://techradar.com'},1
https://adservice.google.com/adsid/integrator.js?domain=www.techradar.com,{'https://techradar.com'},1
//targetemsecure.blob.core.windows.net/138526d1-8ff9-4de4-b84a-3a11ec020ede/138526d18ff94de4b84a3a11ec020ede_2_1591645858.js,{'https://techradar.com'},1
//cdn.parsely.com/keys/techradar.com/p.js,{'https://techradar.com'},1
//c.amazon-adsystem.com/aax2/apstag.js,"{'https://techradar.com', 'http://chicagotribune.com'}",2
//cdn.adsafeprotected.com/iasPET.1.js,{'https://techradar.com'},1
//securepubads.g.doubleclick.net/tag/js/gpt.js,"{'https://techradar.com', 'https://edmunds.com'}",2
//sync.go.sonobi.com/uc.js,{'https://techradar.com'},1
//js-sec.indexww.com/ht/p/184056-184008355455774.js,{'https://techradar.com'},1
//bttrack.com/pixel/cookiesync?source=cfc80ad2-7c39-4243-92d6-3ecc1b9a38c6&secure=1,{'https://techradar.com'},1
https://ads.pubmatic.com/AdServer/js/userSync.js,{'https://techradar.com'},1
https://a.omappapi.com/app/js/api.min.js,{'https://techradar.com'},1
//tags.bkrtx.com/js/bk-coretag.js?referer=,{'https://techradar.com'},1
//cdn.mxpnl.com/libs/mixpanel-2-latest.min.js,"{'https://yoursportspot.com', 'https://yourdailysportfix.com'}",2
https://rules.quantcount.com/rules-p-JTL1T9auYVn5T.js,{'https://yoursportspot.com'},1
https://pagead2.googlesyndication.com/pagead/js/r20200831/r20190131/show_ads_impl_fy2019.js,"{'https://yoursportspot.com', 'https://carsforsale.com'}",2
https://certify-js.alexametrics.com/atrk.js,"{'https://yoursportspot.com', 'https://carsforsale.com', 'https://yourdailysportfix.com'}",3
https://js.yoursportspot.com/js/yss/common-min.js,{'https://yoursportspot.com'},1
https://yoursportspot.com/wp-includes/js/wp-emoji-release.min.js?ver=5.4.2,{'https://yoursportspot.com'},1
https://yoursportspot.com/wp-includes/js/jquery/jquery.js?ver=1.12.4-wp,{'https://yoursportspot.com'},1
https://yoursportspot.com/wp-includes/js/jquery/jquery-migrate.min.js?ver=1.4.1,{'https://yoursportspot.com'},1
//pagead2.googlesyndication.com/pagead/js/adsbygoogle.js,{'https://yoursportspot.com'},1
https://adservice.google.com.pr/adsid/integrator.js?domain=yoursportspot.com,{'https://yoursportspot.com'},1
https://adservice.google.com/adsid/integrator.js?domain=yoursportspot.com,{'https://yoursportspot.com'},1
https://cfg.yoursportspot.com/extConfig.js,{'https://yoursportspot.com'},1
https://www.google-analytics.com/gtm/js?id=GTM-PNLWD5P&t=trb&cid=1380581945.1599440696,{'http://chicagotribune.com'},1
https://eb.trbas.com/tronc/chicagotribunearcprod/code/e7d807e5681c21334ec81ec8c6419c3e.js?conditionId0=436248,{'http://chicagotribune.com'},1
https://eb.trbas.com/tronc/chicagotribunearcprod/serverComponent.php?r=72.45518559761254&ClientID=2115&PageID=https%3A%2F%2Fwww.chicagotribune.com%2F,{'http://chicagotribune.com'},1
//confiant-integrations.global.ssl.fastly.net/gpt/202008071611/wrap.js,{'http://chicagotribune.com'},1
https://www.googletagmanager.com/gtm.js?id=GTM-MCV3C5S,{'http://chicagotribune.com'},1
https://www.googletagmanager.com/gtm.js?id=GTM-TXB7PQT,{'http://chicagotribune.com'},1
https://confiant-integrations.global.ssl.fastly.net/lN3nDI7DXG9pAWAqmfHN769SKz8/gpt_and_prebid/config.js,{'http://chicagotribune.com'},1
//eb.trbas.com/tronc/chicagotribunearcprod/Bootstrap.js,{'http://chicagotribune.com'},1
//ssor.tribdss.com/reg/tribune/chiarc.min.js,{'http://chicagotribune.com'},1
https://dyv1bugovvq1g.cloudfront.net/3/www.chicagotribune.com/.js,{'http://chicagotribune.com'},1
https://d15kdpgjg3unno.cloudfront.net/oPS.js,{'http://chicagotribune.com'},1
//js-sec.indexww.com/ht/htw-chicago-tribune.js,{'http://chicagotribune.com'},1
//tags.crwdcntrl.net/lt/c/13200/lt.min.js,{'http://chicagotribune.com'},1
/pb/resources/gdist/1cc9c33858096f49bd9c/ct/ct-metrics1cc9c33858096f49bd9c.js?v=252,{'http://chicagotribune.com'},1
/pb/resources/gdist/1cc9c33858096f49bd9c/ct/ct-lib1cc9c33858096f49bd9c.js?v=252,{'http://chicagotribune.com'},1
/pb/resources/gdist/1cc9c33858096f49bd9c/ct/ct-index1cc9c33858096f49bd9c.js?v=252,{'http://chicagotribune.com'},1
https://cdn.cookielaw.org/scripttemplates/6.3.0/otBannerSdk.js,{'http://chicagotribune.com'},1
https://adservice.google.com.pr/adsid/integrator.js?domain=www.chicagotribune.com,{'http://chicagotribune.com'},1
https://adservice.google.com/adsid/integrator.js?domain=www.chicagotribune.com,{'http://chicagotribune.com'},1
//static.chartbeat.com/js/chartbeat.js,{'http://chicagotribune.com'},1
//www.tribdss.com/meter/chiarc.min.js,{'http://chicagotribune.com'},1
https://js.matheranalytics.com/s/ma89701/197837611/all/sp.js?cb=1546,{'http://chicagotribune.com'},1
//cdn.onesignal.com/sdks/OneSignalSDK.js,{'http://chicagotribune.com'},1
https://www.bing.com/chicagotribune.js?v=1599440699009,{'http://chicagotribune.com'},1
https://www.bing.com/b_pubsearch.js?v=1599440699009,{'http://chicagotribune.com'},1
/pb/gr/p/default/r3fjYq1arD0R9s/render.js?v=252,{'http://chicagotribune.com'},1
https://apis.google.com/_/scs/apps-static/_/js/k=oz.gapi.en_US.hc3rLxj9u8o.O/m=client/rt=j/sv=1/d=1/ed=1/am=wQE/rs=AGLTcCMtAagp6kGxB19Nep_bTJunj37kww/cb=gapi.loaded_0,"{'https://jotform.com', 'https://pinimg.com'}",2
https://connect.facebook.net/en_US/sdk.js?hash=c16eab6e8ba0ecc49e3447bb4949df97&ua=modern_es6,"{'https://swagbucks.com', 'https://scribd.com', 'https://jotform.com', 'https://pinimg.com'}",4
https://apis.google.com/js/client:platform.js,{'https://pinimg.com'},1
https://connect.facebook.net/en_US/sdk.js,"{'https://scribd.com', 'https://jotform.com', 'https://pinimg.com'}",3
https://www.google.com/recaptcha/enterprise.js?onload=onloadRecaptchaJsCallback&render=6Ldx7ZkUAAAAAF3SZ05DRL2Kdh911tCa3qFP0-0r,{'https://pinimg.com'},1
https://s.pinimg.com/webapp/js/runtime-83f8d68d31d639484475.js,{'https://pinimg.com'},1
https://s.pinimg.com/webapp/js/runtime-d46e38c2aaa324a9b129.mjs,{'https://pinimg.com'},1
https://s.pinimg.com/webapp/js/bugsnag-7f81b4fffe3d2ba91458.js,{'https://pinimg.com'},1
https://s.pinimg.com/webapp/js/bugsnag-fef97342be8d6fc4085f.mjs,{'https://pinimg.com'},1
https://s.pinimg.com/webapp/js/polyfills-260aa75210c4714c7aa8.js,{'https://pinimg.com'},1
https://s.pinimg.com/webapp/js/polyfills-d83305677bca88b48aef.mjs,{'https://pinimg.com'},1
https://s.pinimg.com/webapp/js/UnauthHome-fb09cd426d70ff040560.js,{'https://pinimg.com'},1
https://s.pinimg.com/webapp/js/UnauthHome-e70ef467e4df848304d0.mjs,{'https://pinimg.com'},1
https://s.pinimg.com/webapp/js/locale-en_US-lite-a3b4586b0c244c5fe9eb.js,{'https://pinimg.com'},1
https://s.pinimg.com/webapp/js/locale-en_US-lite-ef191d0dc0f8e2e91542.mjs,{'https://pinimg.com'},1
https://s.pinimg.com/webapp/js/vendor-react-ba2853ab03bd239009a3.js,{'https://pinimg.com'},1
https://s.pinimg.com/webapp/js/106-1450af8233aaacbe62ca.js,{'https://pinimg.com'},1
https://s.pinimg.com/webapp/js/137-7db044a98b2d8196ea83.js,{'https://pinimg.com'},1
https://s.pinimg.com/webapp/js/145-582fe45c8db75726b52f.js,{'https://pinimg.com'},1
https://s.pinimg.com/webapp/js/165-02ae826533c8c28ab754.js,{'https://pinimg.com'},1
https://s.pinimg.com/webapp/js/210-cbbce747da9e65f6063c.js,{'https://pinimg.com'},1
https://s.pinimg.com/webapp/js/42-f48c3ccc86fe9123e6fd.js,{'https://pinimg.com'},1
https://s.pinimg.com/webapp/js/98-0fb2f1947600b04312f5.js,{'https://pinimg.com'},1
https://s.pinimg.com/webapp/js/99-85c6ccc0ee0afff9e2a5.js,{'https://pinimg.com'},1
https://s.pinimg.com/webapp/js/entryChunk-www-unauth-b139569fd2ed0fe37100.js,{'https://pinimg.com'},1
https://s.pinimg.com/webapp/js/vendor-react-0980844be067d67b1616.mjs,{'https://pinimg.com'},1
https://s.pinimg.com/webapp/js/100-1219a88f2b2b48608298.mjs,{'https://pinimg.com'},1
https://s.pinimg.com/webapp/js/134-9c6da1bff635ec3b7c4c.mjs,{'https://pinimg.com'},1
https://s.pinimg.com/webapp/js/143-b2f6a67f6cf9d505fa4f.mjs,{'https://pinimg.com'},1
https://s.pinimg.com/webapp/js/159-34770c8ba5360822c8ad.mjs,{'https://pinimg.com'},1
https://s.pinimg.com/webapp/js/200-1875d48fff9600b11649.mjs,{'https://pinimg.com'},1
https://s.pinimg.com/webapp/js/38-2c1be7870f3bbb31bea6.mjs,{'https://pinimg.com'},1
https://s.pinimg.com/webapp/js/136-53eea245bc730e8bd2f8.mjs,{'https://pinimg.com'},1
https://s.pinimg.com/webapp/js/141-0ec3334eb6a1993ab042.mjs,{'https://pinimg.com'},1
https://s.pinimg.com/webapp/js/entryChunk-www-unauth-332af21a0a5f0a6ed365.mjs,{'https://pinimg.com'},1
https://s.pinimg.com/webapp/js/AutologinUtilCommon-a4f6042ca25ab14dd5c7.mjs,{'https://pinimg.com'},1
https://s.pinimg.com/webapp/js/504-0859e033b176717a1960.mjs,{'https://pinimg.com'},1
https://hbs.ph.affinity.com/v5/indiatimes.com/index.php?t=6821,{'https://indiatimes.com'},1
https://www.googletagmanager.com/gtm.js?id=GTM-TDGJZS,{'https://indiatimes.com'},1
https://connect.facebook.net/signals/config/303301150147552?v=2.9.24&r=stable,{'https://indiatimes.com'},1
https://connect.facebook.net/signals/config/853339751421540?v=2.9.24&r=stable,{'https://indiatimes.com'},1
https://connect.facebook.net/signals/config/345736496016245?v=2.9.24&r=stable,{'https://indiatimes.com'},1
//connect.facebook.net/en_US/fbevents.js,{'https://indiatimes.com'},1
https://ade.clmbtech.com/cde/ae/2360/var=_ccaud?_u=https://www.indiatimes.com,{'https://indiatimes.com'},1
/dist/Home.b0a16ddc19841fb1014c.chunk.js,{'https://indiatimes.com'},1
https://jssocdn.indiatimes.com/crosswalk/jsso_crosswalk_legacy_0.5.3.min.js,{'https://indiatimes.com'},1
https://geoapi.indiatimes.com/?cb=1,{'https://indiatimes.com'},1
https://adservice.google.com.pr/adsid/integrator.js?domain=www.indiatimes.com,{'https://indiatimes.com'},1
https://adservice.google.com/adsid/integrator.js?domain=www.indiatimes.com,{'https://indiatimes.com'},1
/dist/runtime.2f562173915f681c9bd2.js,{'https://indiatimes.com'},1
/dist/vendor.3a8d75e6371a3336a449.chunk.js,{'https://indiatimes.com'},1
/dist/main.87f52b91edb5b9124bf0.chunk.js,{'https://indiatimes.com'},1
https://certify-js.alexametrics.com/atrk.js?d=2020090324636,{'https://manyvids.com'},1
https://static.hotjar.com/c/hotjar-665482.js?sv=6,{'https://manyvids.com'},1
https://script.hotjar.com/modules.bea1968def3c3b64afc1.js,{'https://manyvids.com'},1
https://www.google.com/recaptcha/api.js?render=6Ld_rqIUAAAAACXUIWm7IVxABWNAZSulwS5POSug,{'https://manyvids.com'},1
/js/vuejs/core/footer.js?d=2020090324636,{'https://manyvids.com'},1
/js/compiled.js?d=2020090324636,{'https://manyvids.com'},1
https://d3e1078hs60k37.cloudfront.net/site_files/notifications/js/v2/ls2-broadcast-service.js?d=2020090324636,{'https://manyvids.com'},1
https://d3e1078hs60k37.cloudfront.net/site_files/notifications/js/notification-vue.js?d=2020090324636,{'https://manyvids.com'},1
https://sdk.privacy-center.org/loader.js,{'https://yourdailysportfix.com'},1
https://securepubads.g.doubleclick.net/pagead/js/rum.js,{'https://yourdailysportfix.com'},1
https://connect.facebook.net/signals/config/1540260426155947?v=2.9.24&r=stable,{'https://yourdailysportfix.com'},1
https://rules.quantcount.com/rules-p-Djef6qYsvSFkr.js,{'https://yourdailysportfix.com'},1
https://js.yourdailysportfix.com/js/yds/common-min.js,{'https://yourdailysportfix.com'},1
https://yourdailysportfix.com/wp-includes/js/wp-emoji-release.min.js?ver=5.4.2,{'https://yourdailysportfix.com'},1
https://yourdailysportfix.com/wp-includes/js/jquery/jquery.js?ver=1.12.4-wp,{'https://yourdailysportfix.com'},1
https://yourdailysportfix.com/wp-includes/js/jquery/jquery-migrate.min.js?ver=1.4.1,{'https://yourdailysportfix.com'},1
https://cfg.yourdailysportfix.com/extConfig.js,{'https://yourdailysportfix.com'},1
//s.fqtag.com/b?org=DA02dZbq9BZ0AgROlqD4&sk=1qQYF4PmIyYMqujvTaOa&p=default-xx&a=&cmp=xx-ww-a-yds-default&url=https%253A%252F%252Fyourdailysportfix.com%252F&ua=Mozilla%252F5.0%2520(Windows%2520NT%252010.0%253B%2520Win64%253B%2520x64)%2520AppleWebKit%252F537.36%2520(KHTML%252C%2520like%2520Gecko)%2520Chrome%252F85.0.4183.83%2520Safari%252F537.36&callback=__spCBkertriova58f250d,{'https://yourdailysportfix.com'},1
https://sdk.privacy-center.org/sdk.1240b032f3166d11046e963c1f94a63024eb6a9c.js,{'https://yourdailysportfix.com'},1
https://yourdailysportfix.com/wp-content/plugins/td-composer/mobile/js/tagdiv_theme.min.js?ver=9.7.2,{'https://yourdailysportfix.com'},1
https://yourdailysportfix.com/wp-includes/js/comment-reply.min.js?ver=5.4.2,{'https://yourdailysportfix.com'},1
https://yourdailysportfix.com/wp-includes/js/wp-embed.min.js?ver=5.4.2,{'https://yourdailysportfix.com'},1
https://dyncdn.me/static/20/js/jquery-1.11.3.min.js,{'https://rarbg.to/'},1
https://dyncdn.me/static/20/js/showads.js,{'https://rarbg.to/'},1
https://dyncdn.me/static/20/js/expla95.js,{'https://rarbg.to/'},1
//bat.bing.com/bat.js,"{'https://scribd.com', 'https://zazzle.com', 'https://jotform.com', 'https://edmunds.com'}",4
//www.googletagmanager.com/gtm.js?id=GTM-WSMTS9,{'https://edmunds.com'},1
//venom-assets.edmunds-media.com/71.chunk.16af451d44de59815116.js,{'https://edmunds.com'},1
//venom-assets.edmunds-media.com/firebase-dependencies.chunk.7e3f5ad561d606108577.js,{'https://edmunds.com'},1
https://adservice.google.com.pr/adsid/integrator.js?domain=www.edmunds.com,{'https://edmunds.com'},1
https://adservice.google.com/adsid/integrator.js?domain=www.edmunds.com,{'https://edmunds.com'},1
https://googleads.g.doubleclick.net/pagead/viewthroughconversion/1068075583/?random=1599440840087&cv=9&fst=1599440840087&num=1&guid=ON&resp=GooglemKTybQhCsO&u_h=900&u_w=1600&u_ah=860&u_aw=1600&u_cd=24&u_his=15&u_tz=-240&u_java=false&u_nplug=3&u_nmime=4&gtm=2wg8q1&sendb=1&ig=1&frm=0&url=https%3A%2F%2Fwww.edmunds.com%2F&tiba=New%20Cars%2C%20Used%20Cars%2C%20Car%20Reviews%20and%20Pricing%20%7C%20Edmunds&hn=www.googleadservices.com&us_privacy=1YNN&async=1&rfmt=3&fmt=4,{'https://edmunds.com'},1
//venom-assets.edmunds-media.com/runtime.bundle.ac6ef414c1d813e9cea1.js,{'https://edmunds.com'},1
//venom-assets.edmunds-media.com/vendor.chunk.953845f648a1ca8cc122.js,{'https://edmunds.com'},1
//venom-assets.edmunds-media.com/app.chunk.50372b3cd631a67d0383.js,{'https://edmunds.com'},1
//venom-assets.edmunds-media.com/0.chunk.5d1e3d69adf73097aa44.js,{'https://edmunds.com'},1
//venom-assets.edmunds-media.com/2.chunk.fe462d923d8a64352980.js,{'https://edmunds.com'},1
//venom-assets.edmunds-media.com/4.chunk.f43a181f28572736c05b.js,{'https://edmunds.com'},1
//venom-assets.edmunds-media.com/5.chunk.c7f75ea49d199b38e2c5.js,{'https://edmunds.com'},1
//venom-assets.edmunds-media.com/1.chunk.74479d362ebaa85fbd2c.js,{'https://edmunds.com'},1
//venom-assets.edmunds-media.com/3.chunk.a47212f23bbfc02ae583.js,{'https://edmunds.com'},1
//venom-assets.edmunds-media.com/25.chunk.744a3dc3c72190b4987e.js,{'https://edmunds.com'},1
//venom-assets.edmunds-media.com/30.chunk.79b65501fa9c50fac237.js,{'https://edmunds.com'},1
//venom-assets.edmunds-media.com/37.chunk.0abe85f9c9e10f308a0b.js,{'https://edmunds.com'},1
//venom-assets.edmunds-media.com/home_page.chunk.c9f6f47bb8dd400d5f92.js,{'https://edmunds.com'},1
https://cdn.speedcurve.com/js/lux.js?id=79377418,{'https://edmunds.com'},1
https://nexus.ensighten.com/citi/na_prod/code/8e513f40a6a94c1b8d2b96c1462699cd.js?conditionId0=486757,{'https://citibankonline.com'},1
https://nexus.ensighten.com/citi/na_prod/code/46037f47403d70ccbc6ad7875b013f35.js?conditionId0=3013337,{'https://citibankonline.com'},1
https://nexus.ensighten.com/citi/na_prod/code/17413f61d740be643ac43580ea8f65b4.js?conditionId0=421908,{'https://citibankonline.com'},1
https://nexus.ensighten.com/citi/na_prod/code/1fbe3ced5383ed540aae36196d27200f.js?conditionId0=462132,{'https://citibankonline.com'},1
https://nexus.ensighten.com/citi/na_prod/code/c1a82ac98e4d4e503dc1bf30d0ee425e.js?conditionId0=480881,{'https://citibankonline.com'},1
https://nexus.ensighten.com/citi/na_prod/code/557566dc60916e3de69e006bef252459.js?conditionId0=4837456,{'https://citibankonline.com'},1
https://nexus.ensighten.com/citi/na_prod/code/c8c8f2415855cbadb1ffce689657311b.js?conditionId0=405518,{'https://citibankonline.com'},1
https://nexus.ensighten.com/citi/na_prod/code/2906f06ed928da15ec22eab16f8f3588.js?conditionId0=454466,{'https://citibankonline.com'},1
https://nexus.ensighten.com/citi/na_prod/code/8637af7c210f4e79436bc39f71b49bfa.js?conditionId0=4827153,{'https://citibankonline.com'},1
https://nexus.ensighten.com/citi/na_prod/code/d68fd72b57e591b277084f8622774245.js?conditionId0=467299,{'https://citibankonline.com'},1
https://nexus.ensighten.com/citi/na_prod/code/e6abf13671cf36a6659fa0107408b1a1.js?conditionId0=4880418,{'https://citibankonline.com'},1
https://nexus.ensighten.com/citi/na_prod/code/40ed1891d8840252f082f30ead44ade5.js?conditionId0=4887947,{'https://citibankonline.com'},1
https://nexus.ensighten.com/citi/na_prod/code/f24a80687f55a3e66de676ec33c36c5e.js?conditionId0=4860234,{'https://citibankonline.com'},1
https://nexus.ensighten.com/citi/na_prod/code/fdf45a7c15c1cee06bb71e10dac4e26e.js?conditionId0=4849963,{'https://citibankonline.com'},1
https://nexus.ensighten.com/citi/na_prod/serverComponent.php?r=6.6244958914971335&namespace=Bootstrapper&staticJsPath=nexus.ensighten.com/citi/na_prod/code/&publishedOn=Tue Sep 01 19:07:50 GMT 2020&ClientID=1129&PageID=https%3A%2F%2Fonline.citi.com%2FUS%2Flogin.do%3FJFP_TOKEN%3DLOBST1LI,{'https://citibankonline.com'},1
/CBOL/taggingTransformation/tagging.js,{'https://citibankonline.com'},1
/JFP/js/modules/jfpm.autocomplete.off.js,{'https://citibankonline.com'},1
/CBOL/common/ui/ddl/theme/latest/scripts/vendor.js,{'https://citibankonline.com'},1
//nexus.ensighten.com/citi/na_prod/Bootstrap.js,{'https://citibankonline.com'},1
/JFP/js/jquery/plugins/jquery.tmpl.js,{'https://citibankonline.com'},1
/JSO/js/fp.min.js,{'https://citibankonline.com'},1
/passivebio/bcsid.js,{'https://citibankonline.com'},1
/passivebio/BiocatchATO.js,{'https://citibankonline.com'},1
https://partner.googleadservices.com/gampad/cookie.js?domain=www.carsforsale.com&callback=_gfp_s_&client=ca-pub-7060171147028597,{'https://carsforsale.com'},1
//www.googletagmanager.com/gtm.js?id=GTM-5XLCDM,{'https://carsforsale.com'},1
/zasohhlbjmqbpkay.js,{'https://carsforsale.com'},1
https://adservice.google.com.pr/adsid/integrator.js?domain=www.carsforsale.com,{'https://carsforsale.com'},1
https://adservice.google.com/adsid/integrator.js?domain=www.carsforsale.com,{'https://carsforsale.com'},1
https://cdn03.carsforsale.com/dist/common.340276d486d3104605dc.js,{'https://carsforsale.com'},1
https://cdn03.carsforsale.com/dist/cfs.63959f21b821907a3e9f.js,{'https://carsforsale.com'},1
https://cdn03.carsforsale.com/dist/header.ac720519699d6adb80c8.js,{'https://carsforsale.com'},1
https://cdn03.carsforsale.com/dist/homepage.976ca1c22aed24ff2e43.js,{'https://carsforsale.com'},1
https://pagead2.googlesyndication.com/pagead/js/adsbygoogle.js,{'https://carsforsale.com'},1
https://static.mqcdn.com/yogi-efs/js/f8ee53c2b5a681f006f95f4ffcb67d96-bootstrap.js,{'https://mapquest.com'},1
https://www.google.com/adsense/search/ads.js,{'https://mapquest.com'},1
https://connect.facebook.net/signals/config/2051550168394980?v=2.9.24&r=stable,{'https://mapquest.com'},1
https://s.flocdn.com/@s1/dpl/2.3.5/dpl-mapquest.js,{'https://mapquest.com'},1
https://www.googleoptimize.com/optimize.js?id=GTM-5BB27Z3,{'https://mapquest.com'},1
https://s.yimg.com/ss/rapid3.js,{'https://mapquest.com'},1
/rapidworker-1.2.js,{'https://mapquest.com'},1
/rapid-init.js,{'https://mapquest.com'},1
https://static.mqcdn.com/yogi-efs/js/lib/third-party/new-relic/af53293c7aa049982ed524408a8d48b7-nr-loader-full-current.min.js,{'https://mapquest.com'},1
https://s.flocdn.com/@s1/ads-coordinator/8.3.1/polyfill.js,{'https://mapquest.com'},1
/js/fetch.umd.js,{'https://mapquest.com'},1
https://s.flocdn.com/cmp/1.5.6/loader.js,{'https://mapquest.com'},1
https://www.google.com/recaptcha/api.js?onload=vcRecaptchaApiLoaded&render=explicit,{'https://mapquest.com'},1
https://www.googletagmanager.com/gtm.js?id=GTM-5NSVLM,{'https://mapquest.com'},1
https://s.flocdn.com/@s1/ads-coordinator/8.3.1/index.js,{'https://mapquest.com'},1
https://d2t953dxm5i0o5.cloudfront.net/superstack/builds/latest/mapquest.com/index/ads.min.js,{'https://mapquest.com'},1
https://s.flocdn.com/@s1/embedded-search/embedded-search.js,{'https://mapquest.com'},1
https://static.mqcdn.com/yogi-efs/lib/requirejs/7af46c596ef4cebc7aaeaf0ca417778a-require.min.js,{'https://mapquest.com'},1
https://connect.facebook.net/signals/config/984998484932812?v=2.9.24&r=stable,{'https://jotform.com'},1
https://apis.google.com/_/scs/apps-static/_/js/k=oz.gapi.en_US.hc3rLxj9u8o.O/m=auth2/exm=client/rt=j/sv=1/d=1/ed=1/am=wQE/rs=AGLTcCMtAagp6kGxB19Nep_bTJunj37kww/cb=gapi.loaded_1,{'https://jotform.com'},1
//www.googletagmanager.com/gtm.js?id=GTM-TDFT5J,{'https://jotform.com'},1
https://use.typekit.net/eot4prt.js,{'https://jotform.com'},1
https://apis.google.com/js/api:client.js,{'https://jotform.com'},1
https://cdn.jotfor.ms//js/locale/locale_en-US.js,{'https://jotform.com'},1
https://cdn.jotfor.ms//js/locale/locale.js?ver=3.3.20086,{'https://jotform.com'},1
https://polyfill.io/v3/polyfill.min.js?flags=gated&features=es5%2Ces6%2CPromise%2Cfetch%2CElement.prototype.closest%2CCustomEvent%2CURLSearchParams,{'https://jotform.com'},1
https://cdn.jotfor.ms/common-header/assets/js/jfHeader.min.js?v=1599229614038,{'https://jotform.com'},1
https://cdn.jotfor.ms/common-header/assets/js/campaigns/main.min.js?v=1599229614038,{'https://jotform.com'},1
https://cdn.jotfor.ms/common-header/assets/js/commonNavigation.min.js?v=1599229614038,{'https://jotform.com'},1
//cdn.jotfor.ms/homepage/homepage_with_polished/assets/js/site/min/main.min.js?v=1.0.2,{'https://jotform.com'},1
//js.jotform.com/actions.js,{'https://jotform.com'},1
//ssl.google-analytics.com/ga.js,{'https://slideshare.net'},1
//sb.scorecardresearch.com/beacon.js,{'https://slideshare.net'},1
https://public.slidesharecdn.com/ss_foundation/combined_experiments.js?59e3c7a1df,{'https://slideshare.net'},1
https://public.slidesharecdn.com/javascripts/rum_new/combined_base.js?826af57281,{'https://slideshare.net'},1
https://public.slidesharecdn.com/ss_foundation/combined_foundation_base.js?7ae1f1b017,{'https://slideshare.net'},1
https://public.slidesharecdn.com/ss_foundation/combined_index.js?f1c59f62b3,{'https://slideshare.net'},1
https://www.googletagmanager.com/gtm.js?id=GTM-WH2ZQ3X,{'https://typeform.com'},1
https://cdn.optimizely.com/js/16131550068.js,{'https://typeform.com'},1
https://cdn.cookielaw.org/langswitch/0bc0b4b4-4f28-4b6e-9910-2a78184b29a0.js,{'https://typeform.com'},1
https://cdn.cookielaw.org/consent/b40807a1-ef76-4e77-b01e-fa6ef69ac129.js,{'https://typeform.com'},1
/_next/static/chunks/16.2528eaf0f7fabe3025fd.js,{'https://typeform.com'},1
/_next/static/chunks/15.4d1a9141f631a27a78ae.js,{'https://typeform.com'},1
/_next/static/chunks/17.c543b594fd412d06610b.js,{'https://typeform.com'},1
/_next/static/chunks/18.943308e1fee42d4a64cf.js,{'https://typeform.com'},1
/_next/static/chunks/19.e2a7f5a477213660475d.js,{'https://typeform.com'},1
/_next/static/chunks/20.efc0064cc6dee32bc43b.js,{'https://typeform.com'},1
/_next/static/chunks/21.685efaa6e9ab35fb1bf0.js,{'https://typeform.com'},1
https://code.jquery.com/jquery-3.3.1.min.js,{'https://typeform.com'},1
https://polyfill.io/v3/polyfill.min.js?flags=gated&features=default%2CObject.assign%2CObject.entries%2CObject.values%2CWeakSet%2CArray.prototype.includes%2CArray.prototype.find,{'https://typeform.com'},1
/_next/static/LJz5BwXR58CIpL3UVjY6m/pages/front-page.js,{'https://typeform.com'},1
/_next/static/LJz5BwXR58CIpL3UVjY6m/pages/_app.js,{'https://typeform.com'},1
/_next/static/LJz5BwXR58CIpL3UVjY6m/pages/_error.js,{'https://typeform.com'},1
/_next/static/runtime/webpack-603a081f75be7a2c08fb.js,{'https://typeform.com'},1
/_next/static/chunks/commons.6564ed0f0ee84d162ec7.js,{'https://typeform.com'},1
/_next/static/runtime/main-3f6f5c7d78c8dc0c4bf8.js,{'https://typeform.com'},1
//uniteddigital.siteintercept.qualtrics.com/WRSiteInterceptEngine/?Q_ZID=ZN_cTRsbrlZHQWi9AF&Q_LOC=https%3A%2F%2Fwww.united.com%2Fen%2Fus,{'https://united.com'},1
https://www.google-analytics.com/plugins/ua/ec.js,"{'https://stockx.com/', 'https://zazzle.com', 'https://united.com'}",3
//www.united.com/web/format/javascript/le-mtagconfig-auth.js,{'https://united.com'},1
//service.maxymiser.net/cdn/united/js/mmcore.js,{'https://united.com'},1
//cdn.quantummetric.com/qscripts/quantum-united.js,{'https://united.com'},1
//www.united.com/web/format/javascript/le-mtagconfig.js,{'https://united.com'},1
//tags.tiqcdn.com/utag/unitedairlines/united-v3/prod/utag.js,{'https://united.com'},1
/210.c8ade615fe58eec9816f.chunk.js,{'https://united.com'},1
/26.bc697e6100ac1000dc68.chunk.js,{'https://united.com'},1
/33.538c65ef83d40c50a406.chunk.js,{'https://united.com'},1
/273.2f35da7abf4b6d9a2e81.chunk.js,{'https://united.com'},1
/276.cd96e9ee951d6947411e.chunk.js,{'https://united.com'},1
/41.d47cdad9c51050244f8f.chunk.js,{'https://united.com'},1
/36.6d4d77faeccb62b97254.chunk.js,{'https://united.com'},1
/200.d5330d9b29de19f14c96.chunk.js,{'https://united.com'},1
/9.85b3a787cfe405f422dd.chunk.js,{'https://united.com'},1
/78.5af79a51167ff7252084.chunk.js,{'https://united.com'},1
/204.34d5382fabc80470431e.chunk.js,{'https://united.com'},1
/315.41884216a1da6ff21828.chunk.js,{'https://united.com'},1
/239.00dfd52322fb713822cd.chunk.js,{'https://united.com'},1
/11.714792c808b4a5ed8d66.chunk.js,{'https://united.com'},1
/53.8d3752ed1bca388ffb0a.chunk.js,{'https://united.com'},1
/229.b2576f00e9c181f04289.chunk.js,{'https://united.com'},1
/5.156f1fc6445cb8e35a53.chunk.js,{'https://united.com'},1
/16.7e36455a51269cfd622e.chunk.js,{'https://united.com'},1
/40.586d140c53cbb6defb6e.chunk.js,{'https://united.com'},1
/199.28e318984fa37e2c4e95.chunk.js,{'https://united.com'},1
/npm.util-deprecate.62b3a823a6e195548b3e.chunk.js,{'https://united.com'},1
/0.53039f94d33dddc2de1f.chunk.js,{'https://united.com'},1
/2.51b4fe534bba84c64d35.chunk.js,{'https://united.com'},1
/3.85ef5e415be7adc8dc59.chunk.js,{'https://united.com'},1
/100.8ece1a09c28a2725128b.chunk.js,{'https://united.com'},1
/272.04df2487b42919fc15a6.chunk.js,{'https://united.com'},1
/275.b05b23bc0ef454cd819d.chunk.js,{'https://united.com'},1
/284.09803767689d68cfa43e.chunk.js,{'https://united.com'},1
/236.50782becd61ef2abd14e.chunk.js,{'https://united.com'},1
/290.e699d98b72f4dc0aaf76.chunk.js,{'https://united.com'},1
/293.15165bd445f958764e5d.chunk.js,{'https://united.com'},1
/69.1ad61b50e6ebb7a3f262.chunk.js,{'https://united.com'},1
/226.4ffaca933f7f36ed18f0.chunk.js,{'https://united.com'},1
/268.c1792d9b3aef7eeced69.chunk.js,{'https://united.com'},1
/6.4ef3c23356cf5bd4e34c.chunk.js,{'https://united.com'},1
/7.7238073589e2367edd17.chunk.js,{'https://united.com'},1
/105.4af16419567babd8824f.chunk.js,{'https://united.com'},1
//tags.tiqcdn.com/utag/unitedairlines/united-v3/prod/utag.12.js?utv=ut4.46.201908070307,{'https://united.com'},1
//tags.tiqcdn.com/utag/unitedairlines/united-v3/prod/utag.1.js?utv=ut4.46.202001100401,{'https://united.com'},1
//tags.tiqcdn.com/utag/unitedairlines/united-v3/prod/utag.62.js?utv=ut4.46.202007210301,{'https://united.com'},1
//tags.tiqcdn.com/utag/unitedairlines/united-v3/prod/utag.13.js?utv=ut4.46.201908070307,{'https://united.com'},1
//tags.tiqcdn.com/utag/unitedairlines/united-v3/prod/utag.11.js?utv=ut4.46.202009030302,{'https://united.com'},1
//tags.tiqcdn.com/utag/unitedairlines/united-v3/prod/utag.44.js?utv=ut4.46.202001290407,{'https://united.com'},1
//www.united.com/ol/OpinionLab_Tag.js,{'https://united.com'},1
//tags.tiqcdn.com/utag/tiqapp/utag.v.js?a=unitedairlines/united-v3/202009030443&cb=1599441021565,{'https://united.com'},1
/101.22455ecfd072f9ee8d4a.chunk.js,{'https://united.com'},1
/193.8a007c92f7e11705a7ff.chunk.js,{'https://united.com'},1
/13.4128e5977da0ee2c8ee0.chunk.js,{'https://united.com'},1
/171.6863a5c3bad94443098f.chunk.js,{'https://united.com'},1
https://lptag.liveperson.net/tag/tag.js?site=84608747,{'https://united.com'},1
//service.maxymiser.net/platform/us/api/mmpackage-1.12.js,{'https://united.com'},1
https://lptag.liveperson.net/lptag/api/account/84608747/configuration/applications/taglets/.jsonp?v=2.0&df=0&b=1,{'https://united.com'},1
/runtime.4cdea7c1970f74b5dc50.js,{'https://united.com'},1
/npm.webpack.91574e8d891516381f62.chunk.js,{'https://united.com'},1
/npm.uuid.b503db63f44abaf56000.chunk.js,{'https://united.com'},1
/npm.util.165c81a0627f244a50f2.chunk.js,{'https://united.com'},1
/npm.bowser.b594282cda5693b5786a.chunk.js,{'https://united.com'},1
/npm.global-cache.5662ce8e7cbc052ec62c.chunk.js,{'https://united.com'},1
/npm.history.39b5fbf014c6b0c83b9d.chunk.js,{'https://united.com'},1
/npm.query-string.34a810e673442f142270.chunk.js,{'https://united.com'},1
/npm.warning.757a5fcc62bd0cd5b5fa.chunk.js,{'https://united.com'},1
/vendors~main.25312e076715d19f3f59.chunk.js,{'https://united.com'},1
/main.eb94171aa99b6afe6ab4.chunk.js,{'https://united.com'},1
/public/44c93c3b0no22024084ff00a891dfe6,{'https://united.com'},1
https://www.tag4arm.com/tags4arm/tag4arm.js,{'https://stockx.com/'},1
https://armalytics.com/scripts/onlocationchange.js,{'https://stockx.com/'},1
//d.impactradius-event.com/A1321229-9bc8-4fdc-950f-45a5a4d3179a1.js,{'https://stockx.com/'},1
https://cdn.segment.com/analytics.js/v1/U4EdztkiXl51BC4pC5M2a0jzBSE9ULlU/analytics.min.js,{'https://stockx.com/'},1
https://www.google-analytics.com/gtm/js?id=GTM-NDMW2TX&cid=462189050.1599441175,{'https://stockx.com/'},1
https://cdn.quantummetric.com/qscripts/quantum-stockx.js,{'https://stockx.com/'},1
https://stockx.com/16uD0kOF/init.js,{'https://stockx.com/'},1
https://cdn1.affirm.com/js/v2/affirm.js,{'https://stockx.com/'},1
//static.ads-twitter.com/uwt.js,{'https://stockx.com/'},1
https://www.googletagmanager.com/gtm.js?id=GTM-NSNVQXK,{'https://stockx.com/'},1
//static.criteo.net/js/ld/ld.js,{'https://stockx.com/'},1
https://static.asknice.ly/dist/standalone/asknicely-in-app-conversation.js,{'https://stockx.com/'},1
https://googleads.g.doubleclick.net/pagead/viewthroughconversion/932166512/?random=1599441174271&cv=9&fst=1599441174271&num=1&guid=ON&resp=GooglemKTybQhCsO&u_h=900&u_w=1600&u_ah=860&u_aw=1600&u_cd=24&u_his=26&u_tz=-240&u_java=false&u_nplug=3&u_nmime=4&sendb=1&ig=1&frm=0&url=https%3A%2F%2Fstockx.com%2F&tiba=StockX%3A%20Sneakers%2C%20Streetwear%2C%20Trading%20Cards%2C%20Handbags%2C%20Watches&hn=www.googleadservices.com&rfmt=3&fmt=4,{'https://stockx.com/'},1
https://web-assets.stockx.com/67.bundle.3fa2c84d506becd309a87a47610c7cb8286e0560.js,{'https://stockx.com/'},1
https://web-assets.stockx.com/70.bundle.3fa2c84d506becd309a87a47610c7cb8286e0560.js,{'https://stockx.com/'},1
https://web-assets.stockx.com/66.bundle.3fa2c84d506becd309a87a47610c7cb8286e0560.js,{'https://stockx.com/'},1
https://web-assets.stockx.com/69.bundle.3fa2c84d506becd309a87a47610c7cb8286e0560.js,{'https://stockx.com/'},1
https://web-assets.stockx.com/71.bundle.3fa2c84d506becd309a87a47610c7cb8286e0560.js,{'https://stockx.com/'},1
https://web-assets.stockx.com/73.bundle.3fa2c84d506becd309a87a47610c7cb8286e0560.js,{'https://stockx.com/'},1
https://web-assets.stockx.com/68.bundle.3fa2c84d506becd309a87a47610c7cb8286e0560.js,{'https://stockx.com/'},1
https://web-assets.stockx.com/manifest.bundle.3fa2c84d506becd309a87a47610c7cb8286e0560.js,{'https://stockx.com/'},1
https://web-assets.stockx.com/vendor.eeac9426.bundle.3fa2c84d506becd309a87a47610c7cb8286e0560.js,{'https://stockx.com/'},1
https://web-assets.stockx.com/vendor.74226ea0.bundle.3fa2c84d506becd309a87a47610c7cb8286e0560.js,{'https://stockx.com/'},1
https://web-assets.stockx.com/vendor.80e93ec1.bundle.3fa2c84d506becd309a87a47610c7cb8286e0560.js,{'https://stockx.com/'},1
https://web-assets.stockx.com/vendor.c7b8ce09.bundle.3fa2c84d506becd309a87a47610c7cb8286e0560.js,{'https://stockx.com/'},1
https://web-assets.stockx.com/vendor.f45d36cf.bundle.3fa2c84d506becd309a87a47610c7cb8286e0560.js,{'https://stockx.com/'},1
https://web-assets.stockx.com/vendor.c5cf623b.bundle.3fa2c84d506becd309a87a47610c7cb8286e0560.js,{'https://stockx.com/'},1
https://web-assets.stockx.com/vendor.0efdf0b8.bundle.3fa2c84d506becd309a87a47610c7cb8286e0560.js,{'https://stockx.com/'},1
https://web-assets.stockx.com/vendor.0eb18106.bundle.3fa2c84d506becd309a87a47610c7cb8286e0560.js,{'https://stockx.com/'},1
https://web-assets.stockx.com/vendor.180914cf.bundle.3fa2c84d506becd309a87a47610c7cb8286e0560.js,{'https://stockx.com/'},1
https://web-assets.stockx.com/style.app.0396edc0.bundle.3fa2c84d506becd309a87a47610c7cb8286e0560.js,{'https://stockx.com/'},1
https://web-assets.stockx.com/app.493df0b3.bundle.3fa2c84d506becd309a87a47610c7cb8286e0560.js,{'https://stockx.com/'},1
https://web-assets.stockx.com/common.a3608e05.bundle.3fa2c84d506becd309a87a47610c7cb8286e0560.js,{'https://stockx.com/'},1
https://web-assets.stockx.com/frontend_next-pages-Home-HomeContainer.061e29f4.bundle.3fa2c84d506becd309a87a47610c7cb8286e0560.js,{'https://stockx.com/'},1
https://pay.google.com/gp/p/js/pay.js,{'https://stockx.com/'},1
//www.googleadservices.com/pagead/conversion.js,"{'https://stockx.com/', 'https://swagbucks.com'}",2
https://cdn.auth0.com/js/auth0/9.11/auth0.min.js,{'https://stockx.com/'},1
https://trc.taboola.com/1002648/trc/3/json?tim=1599441213282&data=%7B%22id%22%3A826%2C%22ii%22%3A%22%2F%22%2C%22it%22%3A%22video%22%2C%22sd%22%3Anull%2C%22ui%22%3Anull%2C%22vi%22%3A1599441213253%2C%22cv%22%3A%2220200818-2-RELEASE%22%2C%22uiv%22%3A%22default%22%2C%22u%22%3A%22https%3A%2F%2Fwww.swagbucks.com%2F%22%2C%22e%22%3Anull%2C%22cb%22%3A%22TFASC.trkCallback%22%2C%22qs%22%3A%22%22%2C%22r%22%3A%5B%7B%22li%22%3A%22rbox-tracking%22%2C%22s%22%3A0%2C%22uim%22%3A%22rbox-tracking%3Apub%3Dprodegellc-sc%3Aabp%3D0%22%2C%22uip%22%3A%22rbox-tracking%22%2C%22orig_uip%22%3A%22rbox-tracking%22%7D%5D%2C%22supv%22%3Atrue%2C%22mpv%22%3Atrue%7D&pubit=i,{'https://swagbucks.com'},1
https://www.google-analytics.com/gtm/js?id=GTM-P5CSJ5T&t=gauniversal&cid=1570114489.1599441213,{'https://swagbucks.com'},1
https://analytics.tiktok.com/i18n/pixel/sdk.js?sdkid=BSG7UO2HO5CA4NQ7AP5G,{'https://swagbucks.com'},1
//cdn.viglink.com/api/vglnk.js,{'https://swagbucks.com'},1
https://cdn.heapanalytics.com/js/heap-715588404.js,{'https://swagbucks.com'},1
//cdn.taboola.com/libtrc/unip/1002648/tfa.js,{'https://swagbucks.com'},1
//d.impactradius-event.com/A16748-0e7c-42e9-b1a4-493411a508171.js,{'https://swagbucks.com'},1
https://connect.facebook.net/signals/config/244682845741465?v=2.9.24&r=stable,{'https://swagbucks.com'},1
//a.impactradius-tag.com/foundation-tags-SD702-3f42-467c-910b-2b8d03fc904d1.js,{'https://swagbucks.com'},1
//connect.facebook.net/en_US/sdk.js,{'https://swagbucks.com'},1
//www.googletagmanager.com/gtm.js?id=GTM-PTN2DB,{'https://swagbucks.com'},1
//d3cxv97fi8q177.cloudfront.net/foundation-A16748-0e7c-42e9-b1a4-493411a508171.min.js,{'https://swagbucks.com'},1
https://cdn.optimizely.com/js/190731201.js,{'https://swagbucks.com'},1
https://app11-cdn2.sbx-cdn.com/content/shared/sbxIovations.pmin.js?v=18034748-9f0a,{'https://swagbucks.com'},1
https://mpsnare.iesnare.com/snare.js,{'https://swagbucks.com'},1
https://mpsnare.iesnare.com/script/logo.js,{'https://swagbucks.com'},1
https://app11-cdn2.sbx-cdn.com/content/global-includes/js/sbglobals.pmin.js?v=18034747-492a,{'https://swagbucks.com'},1
https://cdnjs.cloudflare.com/ajax/libs/jquery/1.6.4/jquery.min.js,{'https://swagbucks.com'},1
https://app11-cdn2.sbx-cdn.com/content/shared/localize.pmin.js?v=3114113-3fba,{'https://swagbucks.com'},1
"//polyfill.io/v3/polyfill.min.js?flags=gated&features=default,DocumentFragment.prototype.append,Object.assign,Node.prototype.contains,Element.prototype.append,Element.prototype.closest,~html5-elements,CustomEvent,Promise,Array.from,Array.prototype.includes,IntersectionObserver,String.prototype.startsWith,String.prototype.includes,Number.isInteger,URL,HTMLTemplateElement",{'https://swagbucks.com'},1
https://www.googleadservices.com/pagead/conversion/1012810923/?random=1599441212673&cv=9&fst=1599441212673&num=1&value=0&label=DAWRCJ3MjgIQq4n54gM&bg=666666&hl=en&guid=ON&resp=GooglemKTybQhCsO&u_h=900&u_w=1600&u_ah=860&u_aw=1600&u_cd=24&u_his=27&u_tz=-240&u_java=false&u_nplug=3&u_nmime=4&sendb=1&ig=1&frm=0&url=https%3A%2F%2Fwww.swagbucks.com%2F&tiba=Swagbucks%3A%20Coupons%2C%20Paid%20Online%20Surveys%20%26%20Free%20Gift%20Cards&hn=www.googleadservices.com&rfmt=3&fmt=4,{'https://swagbucks.com'},1
https://app11-cdn2.sbx-cdn.com/content/skin-02/js/top-functions-v2.pmin.js?v=27013020-3f6a,{'https://swagbucks.com'},1
https://app11-cdn2.sbx-cdn.com/content/global-includes/js/helpers-new.pmin.js?v=29010753-4eca,{'https://swagbucks.com'},1
https://app11-cdn2.sbx-cdn.com/content/components/header/top-bar/logged-out-v7.pmin.js?v=27013020-3f6a,{'https://swagbucks.com'},1
https://app11-cdn2.sbx-cdn.com/content/components/header/top-bar/jquery-plugins.pmin.js?v=18034746-4d5a,{'https://swagbucks.com'},1
https://app11-cdn2.sbx-cdn.com/content/components/header/top-bar/mini-reg.pmin.js?v=26024551-92ba,{'https://swagbucks.com'},1
https://app11-cdn2.sbx-cdn.com/content/components/banner/banner-v2.pmin.js?v=18024746-cb7a,{'https://swagbucks.com'},1
https://app11-cdn2.sbx-cdn.com/content/components/header/top-bar/top-bar-v7.pmin.js?v=1010447-802a,{'https://swagbucks.com'},1
https://app11-cdn2.sbx-cdn.com/content/components/header/top-bar/jquery.tmpl.pmin.js?v=18034746-4d5a,{'https://swagbucks.com'},1
https://app11-cdn2.sbx-cdn.com/content/components/signup-form/signup-form.pmin.js?v=18034746-4d5a,{'https://swagbucks.com'},1
https://app11-cdn2.sbx-cdn.com/content/home-6/js/templateDefault.pmin.js?v=18034747-492a,{'https://swagbucks.com'},1
https://app11-cdn2.sbx-cdn.com/content/home-6/js/logged-out-home.pmin.js?v=18034747-492a,{'https://swagbucks.com'},1
https://app11-cdn2.sbx-cdn.com/content/components/footer/language-preferences.pmin.js?v=27064643-cbea,{'https://swagbucks.com'},1
//widget.trustpilot.com/bootstrap/v5/tp.widget.bootstrap.min.js,{'https://swagbucks.com'},1
https://app11-cdn2.sbx-cdn.com/content/shared/jquery.isonscreen.pmin.js?v=18034748-9f0a,{'https://swagbucks.com'},1
https://app11-cdn2.sbx-cdn.com/content/components/footer/footer.pmin.js?v=1010447-802a,{'https://swagbucks.com'},1
https://www.googletagmanager.com/gtag/js?id=AW-1012810923,{'https://swagbucks.com'},1
//c0.adalyser.com/adalyser.js?cid=duolingo,{'https://duolingo.com'},1
https://connect.facebook.net/signals/config/1735692093320310?v=2.9.24&r=stable,{'https://duolingo.com'},1
//client.perimeterx.net/PXAsQJFZ9W/main.min.js,{'https://duolingo.com'},1
https://www.googletagmanager.com/gtm.js?id=GTM-TX6Z97C,{'https://duolingo.com'},1
//d35aaqx5ub95lt.cloudfront.net/js/reactVendor.react-router-c04343c1.js,{'https://duolingo.com'},1
//d35aaqx5ub95lt.cloudfront.net/js/reactVendor.react-redux-d59068a6.js,{'https://duolingo.com'},1
//d35aaqx5ub95lt.cloudfront.net/js/reactVendor.react-focus-lock-b133bb8f.js,{'https://duolingo.com'},1
//d35aaqx5ub95lt.cloudfront.net/js/reactVendor.react-dom-aa153e12.js,{'https://duolingo.com'},1
//d35aaqx5ub95lt.cloudfront.net/js/reactVendor.react-popper-285581d4.js,{'https://duolingo.com'},1
//d35aaqx5ub95lt.cloudfront.net/js/reactVendor.react-is-7ad033ab.js,{'https://duolingo.com'},1
//d35aaqx5ub95lt.cloudfront.net/js/reactVendor.react-cb7a39fc.js,{'https://duolingo.com'},1
//d35aaqx5ub95lt.cloudfront.net/js/reactVendor.redux-f48541e8.js,{'https://duolingo.com'},1
//d35aaqx5ub95lt.cloudfront.net/js/reactVendor.react-clientside-effect-509d7b4b.js,{'https://duolingo.com'},1
//d35aaqx5ub95lt.cloudfront.net/js/reactVendor.react-fast-compare-e1ed579d.js,{'https://duolingo.com'},1
//d35aaqx5ub95lt.cloudfront.net/js/reactVendor.react-helmet-980c31fd.js,{'https://duolingo.com'},1
//d35aaqx5ub95lt.cloudfront.net/js/reactVendor.react-side-effect-491c5b42.js,{'https://duolingo.com'},1
//d35aaqx5ub95lt.cloudfront.net/js/reactVendor.redux-thunk-bf649cb0.js,{'https://duolingo.com'},1
//d35aaqx5ub95lt.cloudfront.net/js/strings/en-4ff892a5.js,{'https://duolingo.com'},1
//d35aaqx5ub95lt.cloudfront.net/js/app-14d1e243.js,{'https://duolingo.com'},1
https://s.pinimg.com/ct/lib/main.2424edb5.js,{'https://zazzle.com'},1
https://d2hrivdxn8ekm8.cloudfront.net/tracker-latest.min.js,"{'https://scribd.com', 'https://zazzle.com'}",2
https://connect.facebook.net/signals/config/312633658917356?v=2.9.24&r=stable,{'https://zazzle.com'},1
/a0o07ort/init.js,{'https://zazzle.com'},1
https://www.googletagmanager.com/gtm.js?id=GTM-MLV372Q&gtm_auth=PK96U0sSRa3-sRYTKoYtBQ&gtm_preview=env-57&gtm_cookies_win=x,{'https://zazzle.com'},1
https://asset.zcache.com/bld/z.3/desktop/pages/lp/home~runtime.e2bf9cbe52179c.js,{'https://zazzle.com'},1
https://asset.zcache.com/bld/z.3/desktop/vendor.17da8b9b3e4295.js,{'https://zazzle.com'},1
https://asset.zcache.com/bld/z.3/desktop/common.de30a002323e90.js,{'https://zazzle.com'},1
https://asset.zcache.com/bld/z.3/desktop/purchase.dc4e7063533c1b.js,{'https://zazzle.com'},1
https://asset.zcache.com/bld/z.3/desktop/4.5b67cedfbdc70c.js,{'https://zazzle.com'},1
https://asset.zcache.com/bld/z.3/desktop/8.ff6fef32856183.js,{'https://zazzle.com'},1
https://asset.zcache.com/bld/z.3/desktop/10.7b2bdb642bd6db.js,{'https://zazzle.com'},1
https://asset.zcache.com/bld/z.3/desktop/pages/lp/home.c7f42b12bb70f9.js,{'https://zazzle.com'},1
https://asset.zcache.com/bld/z.3/desktop/CmsCollection.0f13340e009781.js,{'https://zazzle.com'},1
https://asset.zcache.com/bld/z.3/desktop/30.e81f96ebd6a0ad.js,{'https://zazzle.com'},1
https://asset.zcache.com/bld/z.3/desktop/CmsMantleTextOnImage.029caad8a218e6.js,{'https://zazzle.com'},1
https://asset.zcache.com/bld/z.3/desktop/CmsCategoryResults.390c8c56350d33.js,{'https://zazzle.com'},1
https://asset.zcache.com/bld/z.3/desktop/26.5731a28177abd4.js,{'https://zazzle.com'},1
https://asset.zcache.com/bld/z.3/desktop/CmsMantleTextBesideImage.36836b66803826.js,{'https://zazzle.com'},1
https://asset.zcache.com/bld/z.3/desktop/CmsMantleBasic.e48f6525c89120.js,{'https://zazzle.com'},1
https://asset.zcache.com/bld/z.3/desktop/7.baad70c6037864.js,{'https://zazzle.com'},1
https://asset.zcache.com/bld/z.3/desktop/5.43cac35c19a810.js,{'https://zazzle.com'},1
https://asset.zcache.com/bld/z.3/desktop/11.d766e68f294025.js,{'https://zazzle.com'},1
https://asset.zcache.com/bld/z.3/desktop/CmsProductResults.4308695936141d.js,{'https://zazzle.com'},1
https://asset.zcache.com/bld/z.3/desktop/CmsMediaGalleryContainer.0a6bb08e3336b8.js,{'https://zazzle.com'},1
https://cdn.attn.tv/loader.js,{'https://zazzle.com'},1
https://adservice.google.com.pr/adsid/integrator.js?domain=www.zazzle.com,{'https://zazzle.com'},1
https://adservice.google.com/adsid/integrator.js?domain=www.zazzle.com,{'https://zazzle.com'},1
https://googleads.g.doubleclick.net/pagead/viewthroughconversion/956815391/?random=1599441254932&cv=9&fst=1599441254932&num=1&guid=ON&resp=GooglemKTybQhCsO&eid=376635471&u_h=900&u_w=1600&u_ah=860&u_aw=1600&u_cd=24&u_his=29&u_tz=-240&u_java=false&u_nplug=3&u_nmime=4&gtm=2wg8q1&sendb=1&ig=1&data=ecomm_pagetype%3Dhome%3Becomm_totalvalue%3D0%3Blang%3Den%3Bcurrency%3DUSD&frm=0&url=https%3A%2F%2Fwww.zazzle.com%2F&tiba=Zazzle%20%7C%20Personalized%20Gifts%2C%20Custom%20Products%20%26%20D%C3%A9cor&hn=www.googleadservices.com&async=1&rfmt=3&fmt=4,{'https://zazzle.com'},1
https://www.googleadservices.com/pagead/conversion/726885733/?random=1599441254954&cv=9&fst=1599441254954&num=1&value=0&label=z1MiCI_PxKkBEOXKzdoC&guid=ON&resp=GooglemKTybQhCsO&u_h=900&u_w=1600&u_ah=860&u_aw=1600&u_cd=24&u_his=29&u_tz=-240&u_java=false&u_nplug=3&u_nmime=4&gtm=2wg8q1&sendb=1&ig=1&frm=0&url=https%3A%2F%2Fwww.zazzle.com%2F&tiba=Zazzle%20%7C%20Personalized%20Gifts%2C%20Custom%20Products%20%26%20D%C3%A9cor&hn=www.googleadservices.com&bttype=purchase&async=1&rfmt=3&fmt=4,{'https://zazzle.com'},1
https://www.googleadservices.com/pagead/conversion/726885733/?random=1599441254965&cv=9&fst=1599441254965&num=1&value=0&label=z1MiCI_PxKkBEOXKzdoC&guid=ON&resp=GooglemKTybQhCsO&u_h=900&u_w=1600&u_ah=860&u_aw=1600&u_cd=24&u_his=29&u_tz=-240&u_java=false&u_nplug=3&u_nmime=4&gtm=2wg8q1&sendb=1&ig=1&frm=0&url=https%3A%2F%2Fwww.zazzle.com%2F&tiba=Zazzle%20%7C%20Personalized%20Gifts%2C%20Custom%20Products%20%26%20D%C3%A9cor&hn=www.googleadservices.com&bttype=purchase&async=1&rfmt=3&fmt=4,{'https://zazzle.com'},1
https://www.googleadservices.com/pagead/conversion/726885733/?random=1599441254973&cv=9&fst=1599441254973&num=1&value=0&label=z1MiCI_PxKkBEOXKzdoC&guid=ON&resp=GooglemKTybQhCsO&u_h=900&u_w=1600&u_ah=860&u_aw=1600&u_cd=24&u_his=29&u_tz=-240&u_java=false&u_nplug=3&u_nmime=4&gtm=2wg8q1&sendb=1&ig=1&frm=0&url=https%3A%2F%2Fwww.zazzle.com%2F&tiba=Zazzle%20%7C%20Personalized%20Gifts%2C%20Custom%20Products%20%26%20D%C3%A9cor&hn=www.googleadservices.com&bttype=purchase&async=1&rfmt=3&fmt=4,{'https://zazzle.com'},1
https://www.googleadservices.com/pagead/conversion/726885733/?random=1599441254980&cv=9&fst=1599441254980&num=1&value=0&label=z1MiCI_PxKkBEOXKzdoC&guid=ON&resp=GooglemKTybQhCsO&u_h=900&u_w=1600&u_ah=860&u_aw=1600&u_cd=24&u_his=29&u_tz=-240&u_java=false&u_nplug=3&u_nmime=4&gtm=2wg8q1&sendb=1&ig=1&frm=0&url=https%3A%2F%2Fwww.zazzle.com%2F&tiba=Zazzle%20%7C%20Personalized%20Gifts%2C%20Custom%20Products%20%26%20D%C3%A9cor&hn=www.googleadservices.com&bttype=purchase&async=1&rfmt=3&fmt=4,{'https://zazzle.com'},1
https://connect.facebook.net/signals/config/287045611447707?v=2.9.24&r=stable,{'https://scribd.com'},1
https://www.googletagmanager.com/gtm.js?id=GTM-KXQQWDG,{'https://scribd.com'},1
https://browser.sentry-cdn.com/5.20.0/bundle.min.js,{'https://scribd.com'},1
https://browser.sentry-cdn.com/5.20.0/rewriteframes.min.js,{'https://scribd.com'},1
https://googleads.g.doubleclick.net/pagead/viewthroughconversion/991817613/?random=1599441289482&cv=9&fst=1599441289482&num=1&guid=ON&resp=GooglemKTybQhCsO&u_h=900&u_w=1600&u_ah=860&u_aw=1600&u_cd=24&u_his=30&u_tz=-240&u_java=false&u_nplug=3&u_nmime=4&gtm=2wg8q1&sendb=1&ig=1&frm=0&url=https%3A%2F%2Fwww.scribd.com%2F&tiba=Discover%20the%20Best%20eBooks%2C%20Audiobooks%2C%20Magazines%2C%20Sheet%20Music%2C%20and%20More%20%7C%20Scribd&hn=www.googleadservices.com&async=1&rfmt=3&fmt=4,{'https://scribd.com'},1
https://s-f.scribdassets.com/javascripts/jquery-3.3.1.min.js?9054b69c9,{'https://scribd.com'},1
https://s-f.scribdassets.com/webpack/monolith/0.c899cd7b0e6b6a1d54c1.js,{'https://scribd.com'},1
https://s-f.scribdassets.com/webpack/monolith/1.cfccdf5ff9da0a6a4713.js,{'https://scribd.com'},1
https://s-f.scribdassets.com/webpack/monolith/2.b12e80936cded2de229e.js,{'https://scribd.com'},1
https://s-f.scribdassets.com/webpack/monolith/3.c66a732e9256ce336ce7.js,{'https://scribd.com'},1
https://s-f.scribdassets.com/webpack/monolith/4.38c30358d68f71a417e4.js,{'https://scribd.com'},1
https://s-f.scribdassets.com/webpack/monolith/5.c953e9e97c07afabb6fe.js,{'https://scribd.com'},1
https://s-f.scribdassets.com/webpack/monolith/6.44b2df2dadf003835f8b.js,{'https://scribd.com'},1
https://s-f.scribdassets.com/webpack/monolith/7.3b262e5a6baa18b7aa97.js,{'https://scribd.com'},1
https://s-f.scribdassets.com/webpack/monolith/8.fb4bf38fd867c784f2fa.js,{'https://scribd.com'},1
https://s-f.scribdassets.com/webpack/monolith/11.ca511ab0b0ac7aa9b73c.js,{'https://scribd.com'},1
https://s-f.scribdassets.com/webpack/monolith/12.56196dec355bb885d8ec.js,{'https://scribd.com'},1
https://s-f.scribdassets.com/webpack/monolith/23.42965658a52d2ee491da.js,{'https://scribd.com'},1
https://s-f.scribdassets.com/webpack/monolith/home_landing.447a978b540dd1c17b21.js,{'https://scribd.com'},1
https://apis.google.com/js/platform.js?onload=googleOnLoad,{'https://scribd.com'},1
https://cdn.siftscience.com/s.js,{'https://scribd.com'},1
